{
  "insertion_sort": {
    "sizes": [
      10,
      50,
      100,
      500,
      1000,
      2000,
      5000
    ],
    "times": [
      3.160000778734684e-06,
      3.5580004623625425e-05,
      0.0001253000009455718,
      0.00313581999798771,
      0.013791720001609064,
      0.05374473999690963,
      0.32971154000260866
    ]
  },
  "merge_sort": {
    "sizes": [
      10,
      50,
      100,
      500,
      1000,
      2000,
      5000
    ],
    "times": [
      7.280000136233866e-06,
      4.1160000546369704e-05,
      9.10399976419285e-05,
      0.0005876199997146614,
      0.0012727799999993294,
      0.0028122999996412546,
      0.007805840000219178
    ]
  },
  "heap_sort": {
    "sizes": [
      10,
      50,
      100,
      500,
      1000,
      2000,
      5000
    ],
    "times": [
      6.720000237692148e-06,
      5.0199999532196673e-05,
      0.00012091999960830435,
      0.0008986600005300716,
      0.001921759999822825,
      0.004408399997919333,
      0.011812499997904524
    ]
  },
  "quicksort": {
    "sizes": [
      10,
      50,
      100,
      500,
      1000,
      2000,
      5000
    ],
    "times": [
      4.119999357499182e-06,
      2.175999979954213e-05,
      5.114000086905435e-05,
      0.00035291999956825747,
      0.0007890600012615323,
      0.0018447599999490195,
      0.005545060000440571
    ]
  }
}